f13537c700003c0a010039ed1f736563726574QA Lead, QA engineerSaint PetersburgRUB700002018-07-15senior
df0593af000308ed1e0039ed1f756f46574342QA engineer–°–∞–Ω–∫—Ç-–ü–µ—Ç–µ—Ä–±—É—Ä–≥RUR700002018-07-15middle
bc616df80003fc83cd0039ed1f587339796f76QA engineerSaint PetersburgRUB750002018-07-15middle
cbd55f230003281ba70039ed1f5a6555613130Qa engineer–°–∞–Ω–∫—Ç-–ü–µ—Ç–µ—Ä–±—É—Ä–≥RUR450002018-07-15middle
13cd0afe000574e4930039ed1f495158764642QA engineer–°–∞–Ω–∫—Ç-–ü–µ—Ç–µ—Ä–±—É—Ä–≥RUR350002018-07-15middle
d2a5284f00016a96050039ed1f6551787a4973QA engineerSaint PetersburgRUB2100002018-07-15middle
c3d8fd720002ad12cc0039ed1f746d4f637259QA Engineer–°–∞–Ω–∫—Ç-–ü–µ—Ç–µ—Ä–±—É—Ä–≥RUR350002018-07-15middle
a1bca48300057670ea0039ed1f727061564838Junior C# Developer / QA Tester–°–∞–Ω–∫—Ç-–ü–µ—Ç–µ—Ä–±—É—Ä–≥RUR250002018-07-15junior
469e2b0b00054ded910039ed1f5875394e4f39QA engineer/QA automation engineer–°–∞–Ω–∫—Ç-–ü–µ—Ç–µ—Ä–±—É—Ä–≥RUR800002018-07-15middle
97764e630004156f270039ed1f33644639564dQA engineer (pre-middle)–°–∞–Ω–∫—Ç-–ü–µ—Ç–µ—Ä–±—É—Ä–≥RUR450002018-07-15middle
6d28610d00054ff1310039ed1f5a4954754b67QA engineer (Junior)Saint PetersburgUSD5502018-07-15NA
ed2b22950005211f3b0039ed1f363932464e56Junior QA engineer–°–∞–Ω–∫—Ç-–ü–µ—Ç–µ—Ä–±—É—Ä–≥—Ä—É–±.350002018-07-15NA
4ac3a3520004613ed10039ed1f6948415a3737–¢–µ—Å—Ç–∏—Ä–æ–≤—â–∏–∫ –ü–û/QA–°–∞–Ω–∫—Ç-–ü–µ—Ç–µ—Ä–±—É—Ä–≥—Ä—É–±.600002018-07-15NA
373b98800004437eb60039ed1f4c6d6658744fJunior QA Engineer–°–∞–Ω–∫—Ç-–ü–µ—Ç–µ—Ä–±—É—Ä–≥—Ä—É–±.350002018-07-15NA
4d25a9f200024ccdb10039ed1f506e48755365QA tester–°–∞–Ω–∫—Ç-–ü–µ—Ç–µ—Ä–±—É—Ä–≥—Ä—É–±.400002018-07-15NA
16eb04e00003e599b20039ed1f4e536a747555Junior QA engineer–°–∞–Ω–∫—Ç-–ü–µ—Ç–µ—Ä–±—É—Ä–≥—Ä—É–±.400002018-07-15NA
cae6219f00053160b70039ed1f64434f316f44junior QA engineer–°–∞–Ω–∫—Ç-–ü–µ—Ç–µ—Ä–±—É—Ä–≥—Ä—É–±.300002018-07-15NA
e0b21b790001ad75550039ed1f61594a4d6747Junior QA Engineer;–°–∞–Ω–∫—Ç-–ü–µ—Ç–µ—Ä–±—É—Ä–≥—Ä—É–±.300002018-07-15NA
27344f220003f1086f0039ed1f565466486a6bJunior QA/–ú–ª–∞–¥—à–∏–π —Ç–µ—Å—Ç–∏—Ä–æ–≤—â–∏–∫–°–∞–Ω–∫—Ç-–ü–µ—Ç–µ—Ä–±—É—Ä–≥—Ä—É–±.300002018-07-15NA
384956a4000438dfcb0039ed1f564837393453Junior Developer/QA Engineer–°–∞–Ω–∫—Ç-–ü–µ—Ç–µ—Ä–±—É—Ä–≥—Ä—É–±.300002018-07-15NA
e69d5bdc0002c6b9580039ed1f5844614b7062Junior QA Engineer–°–∞–Ω–∫—Ç-–ü–µ—Ç–µ—Ä–±—É—Ä–≥—Ä—É–±.280002018-07-15NA
c40e3f0e00053755c20039ed1f453157535631Junior QA engener/—Å—Ç–∞–∂–µ—Ä-—Ç–µ—Å—Ç–∏—Ä–æ–≤—â–∏–∫–°–∞–Ω–∫—Ç-–ü–µ—Ç–µ—Ä–±—É—Ä–≥—Ä—É–±.450002018-07-15NA
2afd4bc80003f315d40039ed1f6f6a4a324768Junior QA Engineer/–ú–ª–∞–¥—à–∏–π —Ç–µ—Å—Ç–∏—Ä–æ–≤—â–∏–∫/–°—Ç–∞–∂—ë—Ä–°–∞–Ω–∫—Ç-–ü–µ—Ç–µ—Ä–±—É—Ä–≥—Ä—É–±.250002018-07-15NA
71bbb87600055d94f60039ed1f6b4b41313531Junior Frontend-—Ä–∞–∑—Ä–∞–±–æ—Ç—á–∏–∫, QA engineer–°–∞–Ω–∫—Ç-–ü–µ—Ç–µ—Ä–±—É—Ä–≥—Ä—É–±.400002018-07-15NA
1b61a0460002bc90a90039ed1f64316263554fWeb automation QA, —Ç–µ—Å—Ç–∏—Ä–æ–≤—â–∏–∫, –∞–≤—Ç–æ–º–∞—Ç–∏–∑–∞—Ç–æ—Ä–°–∞–Ω–∫—Ç-–ü–µ—Ç–µ—Ä–±—É—Ä–≥—Ä—É–±.1e+052018-07-15NA
e1d22674000569ccf80039ed1f4f577a41716fJunior Software QA Engineer–°–∞–Ω–∫—Ç-–ü–µ—Ç–µ—Ä–±—É—Ä–≥—Ä—É–±.400002018-07-15NA
7a31e06b0001d2644d0039ed1f333278425152Junior QA-Engineer–°–∞–Ω–∫—Ç-–ü–µ—Ç–µ—Ä–±—É—Ä–≥—Ä—É–±.500002018-07-15NA
d47bf18000043b09140039ed1f6c5a4a73514c–ú–ª–∞–¥—à–∏–π —Ç–µ—Å—Ç–∏—Ä–æ–≤—â–∏–∫ / Junior QA Engineer–°–∞–Ω–∫—Ç-–ü–µ—Ç–µ—Ä–±—É—Ä–≥—Ä—É–±.250002018-07-15NA
01401678000556ba6b0039ed1f69456d695333–ò–Ω–∂–µ–Ω–µ—Ä –ø–æ —Ç–µ—Å—Ç–µ—Ä–æ–≤–∞–Ω–∏—é (Junior Tester / QA-engineer)–°–∞–Ω–∫—Ç-–ü–µ—Ç–µ—Ä–±—É—Ä–≥—Ä—É–±.325002018-07-15NA
f1aa0149000577b9fb0039ed1f464c424f7973Junior QA Engineer–°–∞–Ω–∫—Ç-–ü–µ—Ç–µ—Ä–±—É—Ä–≥—Ä—É–±.300002018-07-15NA
c022c8ca00045043170039ed1f64734b787961QA engineer/—Ç–µ—Å—Ç–∏—Ä–æ–≤—â–∏–∫–°–∞–Ω–∫—Ç-–ü–µ—Ç–µ—Ä–±—É—Ä–≥—Ä—É–±.750002018-07-15NA
10d0fb01000574dada0039ed1f643237587138QA Engineer / –†—É—á–Ω–æ–µ –∏ –∞–≤—Ç–æ–º–∞—Ç–∏—á–µ—Å–∫–æ–µ —Ç–µ—Å—Ç–∏—Ä–æ–≤–∞–Ω–∏–µ–°–∞–Ω–∫—Ç-–ü–µ—Ç–µ—Ä–±—É—Ä–≥—Ä—É–±.450002018-07-15NA
4f6de97b000312cf530039ed1f494a6e457232Automated QA Engineer–°–∞–Ω–∫—Ç-–ü–µ—Ç–µ—Ä–±—É—Ä–≥—Ä—É–±.800002018-07-15NA
48906558000370108e0039ed1f764643503931IT engineer, QA Engineer, Python junior/middle developerSaint PetersburgUSD23502018-07-15NA
90cf99c2000321d7710039ed1f4c7175385258Junior QA-Engineer–°–∞–Ω–∫—Ç-–ü–µ—Ç–µ—Ä–±—É—Ä–≥—Ä—É–±.400002018-07-15NA
afbb2b89000507e9b60039ed1f614a616e5637QA engineer–°–∞–Ω–∫—Ç-–ü–µ—Ç–µ—Ä–±—É—Ä–≥—Ä—É–±.500002018-07-15NA
28bc782c00050481de0039ed1f67386c6e5352QA Engineer, —Ç–µ—Å—Ç–∏—Ä–æ–≤—â–∏–∫ –ü–û–°–∞–Ω–∫—Ç-–ü–µ—Ç–µ—Ä–±—É—Ä–≥—Ä—É–±.400002018-07-15NA
ab78f08c00042a63460039ed1f745030557759QA Engineer–°–∞–Ω–∫—Ç-–ü–µ—Ç–µ—Ä–±—É—Ä–≥—Ä—É–±.350002018-07-15NA
a732e589000577388b0039ed1f476534454a63–ú–ª–∞–¥—à–∏–π –∏–Ω–∂–µ–Ω–µ—Ä –ø–æ –∫–∞—á–µ—Å—Ç–≤—É –ü–û / Junior QA Engineer (—Å—Ç–∞–∂–µ—Ä)–°–∞–Ω–∫—Ç-–ü–µ—Ç–µ—Ä–±—É—Ä–≥—Ä—É–±.300002018-07-15NA
3f1c36d600020eef370039ed1f4a364539776c–ú–ª–∞–¥—à–∏–π —Ç–µ—Å—Ç–∏—Ä–æ–≤—â–∏–∫ –ü–û/Junior QA–°–∞–Ω–∫—Ç-–ü–µ—Ç–µ—Ä–±—É—Ä–≥—Ä—É–±.300002018-07-15NA
2ba9b1e5000560ec420039ed1f356575594f50QA Engineer–°–∞–Ω–∫—Ç-–ü–µ—Ç–µ—Ä–±—É—Ä–≥—Ä—É–±.250002018-07-15NA
2a1b7fd3000352f1fc0039ed1f764241775a34Junior QA engineer–°–∞–Ω–∫—Ç-–ü–µ—Ç–µ—Ä–±—É—Ä–≥—Ä—É–±.300002018-07-15NA
18e2ebe40001ed86d70039ed1f66745873354aQA Engineer–°–∞–Ω–∫—Ç-–ü–µ—Ç–µ—Ä–±—É—Ä–≥—Ä—É–±.1200002018-07-15NA
605f69fc00042a9de60039ed1f4b694c6b6535–ú–ª–∞–¥—à–∏–π –∏–Ω–∂–µ–Ω–µ—Ä –ø–æ –∫–∞—á–µ—Å—Ç–≤—É –ü<U+200E>–û/ Junior QA Engineer (—Å—Ç–∞–∂–µ—Ä)–°–∞–Ω–∫—Ç-–ü–µ—Ç–µ—Ä–±—É—Ä–≥—Ä—É–±.400002018-07-15NA
9bf900e100054734b90039ed1f6130324e6647Junior QA Engineer–°–∞–Ω–∫—Ç-–ü–µ—Ç–µ—Ä–±—É—Ä–≥—Ä—É–±.300002018-07-15NA
a08f976c0003ecac4a0039ed1f635673613750–¢–µ—Å—Ç–∏—Ä–æ–≤—â–∏–∫ –ü–û/–ò–≥—Ä, –°–∏—Å—Ç–µ–º–Ω—ã–π –∞–¥–º–∏–Ω–∏—Å—Ç—Ä–∞—Ç–æ—Ä, QA-–∏–Ω–∂–µ–Ω–µ—Ä(junior)–°–∞–Ω–∫—Ç-–ü–µ—Ç–µ—Ä–±—É—Ä–≥—Ä—É–±.300002018-07-15NA
17b8ff2100042fae7c0039ed1f4b6152525955Junior QA Engineer (—Å—Ç–∞–∂—ë—Ä)–°–∞–Ω–∫—Ç-–ü–µ—Ç–µ—Ä–±—É—Ä–≥—Ä—É–±.300002018-07-15NA
a8eb98b2000248b8fc0039ed1f52307434376cJunior QA Engineer / –ú–ª–∞–¥—à–∏–π –∏–Ω–∂–µ–Ω–µ—Ä –ø–æ —Ç–µ—Å—Ç–∏—Ä–æ–≤–∞–Ω–∏—é–°–∞–Ω–∫—Ç-–ü–µ—Ç–µ—Ä–±—É—Ä–≥—Ä—É–±.400002018-07-15NA
1e5e25b700021d42060039ed1f773042467453QA engineer–°–∞–Ω–∫—Ç-–ü–µ—Ç–µ—Ä–±—É—Ä–≥—Ä—É–±.800002018-07-15NA
5814d48a0003b4ad6e0039ed1f3155364d795aQA engineer–°–∞–Ω–∫—Ç-–ü–µ—Ç–µ—Ä–±—É—Ä–≥—Ä—É–±.350002018-07-15NA
75f201e700033632380039ed1f5879714c6c70QA Engineer–°–∞–Ω–∫—Ç-–ü–µ—Ç–µ—Ä–±—É—Ä–≥—Ä—É–±.500002018-07-15NA
1ae5e27200054731ee0039ed1f615273385246QA Engineer–°–∞–Ω–∫—Ç-–ü–µ—Ç–µ—Ä–±—É—Ä–≥—Ä—É–±.450002018-07-15NA
a39ee2b7000307151e0039ed1f51634142747aJunior QA Engineer–°–∞–Ω–∫—Ç-–ü–µ—Ç–µ—Ä–±—É—Ä–≥—Ä—É–±.300002018-07-15NA
b15834450002a282080039ed1f6a786d6f5030–ú–ª–∞–¥—à–∏–π —Å–∏—Å—Ç–µ–º–Ω—ã–π –∞–¥–º–∏–Ω–∏—Å—Ç—Ä–∞—Ç–æ—Ä, —Å–ø–µ—Ü–∏–∞–ª–∏—Å—Ç —Ç–µ—Ö–Ω–∏—á–µ—Å–∫–æ–π –ø–æ–¥–¥–µ—Ä–∂–∫–∏, Junior QA/ –º–ª–∞–¥—à–∏–π —Ç–µ—Å—Ç–∏—Ä–æ–≤—â–∏–∫–°–∞–Ω–∫—Ç-–ü–µ—Ç–µ—Ä–±—É—Ä–≥—Ä—É–±.250002018-07-15NA
72dc29af00030e21150039ed1f784677704642QA, –¢–µ—Å—Ç–µ—Ä.–°–∞–Ω–∫—Ç-–ü–µ—Ç–µ—Ä–±—É—Ä–≥—Ä—É–±.300002018-07-15NA
94dcca0d00039ef1fb0039ed1f50626e363034Junior QA-Engineer–°–∞–Ω–∫—Ç-–ü–µ—Ç–µ—Ä–±—É—Ä–≥—Ä—É–±.350002018-07-15NA
f667039500053d49bb0039ed1f744535557672Junior QA Engineer–°–∞–Ω–∫—Ç-–ü–µ—Ç–µ—Ä–±—É—Ä–≥—Ä—É–±.400002018-07-15NA
52765b63000332c80e0039ed1f584f4e354532–¢–µ—Å—Ç–∏—Ä–æ–≤—â–∏–∫ –ü–û/QA–°–∞–Ω–∫—Ç-–ü–µ—Ç–µ—Ä–±—É—Ä–≥—Ä—É–±.1400002018-07-15NA
3efd7ce90003d1b95c0039ed1f565256506f49Manual QA engineerSaint PetersburgRUB750002018-07-15NA
59ab11fe00050d55080039ed1f727a4d74316d–ò–Ω–∂–µ–Ω–µ—Ä –ø–æ –∫–∞—á–µ—Å—Ç–≤—É –ü–û / QA Engineer (Junior)–°–∞–Ω–∫—Ç-–ü–µ—Ç–µ—Ä–±—É—Ä–≥—Ä—É–±.500002018-07-15NA
9e71bcd600050c76310039ed1f4c3464446371QA Engineer–°–∞–Ω–∫—Ç-–ü–µ—Ç–µ—Ä–±—É—Ä–≥—Ä—É–±.300002018-07-15NA
d0230df10002f111850039ed1f304b72385465QA engineer–°–∞–Ω–∫—Ç-–ü–µ—Ç–µ—Ä–±—É—Ä–≥—Ä—É–±.600002018-07-15NA
0852eaa50002ea4be80039ed1f76424a745231Junior/Intern Java Developer/QA engineer–°–∞–Ω–∫—Ç-–ü–µ—Ç–µ—Ä–±—É—Ä–≥—Ä—É–±.300002018-07-15NA
a1a391ca0002e5ef7c0039ed1f4c3373577445–ò–Ω–∂–µ–Ω–µ—Ä-—Ç–µ—Å—Ç–∏—Ä–æ–≤—â–∏–∫, –í–µ–¥—É—â–∏–π –∏–Ω–∂–µ–Ω–µ—Ä —Ç–µ—Å—Ç–∏—Ä–æ–≤—â–∏–∫, QA Engineer, Lead QA Engineer–°–∞–Ω–∫—Ç-–ü–µ—Ç–µ—Ä–±—É—Ä–≥—Ä—É–±.1e+052018-07-15NA
4bfc69730003dc664b0039ed1f755245334b56Junior  QA Engineer–°–∞–Ω–∫—Ç-–ü–µ—Ç–µ—Ä–±—É—Ä–≥—Ä—É–±.160002018-07-15NA
fd5fd85200052c4aae0039ed1f6149746e5036Junior QA Engineer (—Å—Ç–∞–∂–µ—Ä)–°–∞–Ω–∫—Ç-–ü–µ—Ç–µ—Ä–±—É—Ä–≥—Ä—É–±.500002018-07-15NA
e2304b240005332bc20039ed1f774433473937–¢–µ—Å—Ç–∏—Ä–æ–≤—â–∏–∫/QA –∏–Ω–∂–µ–Ω–µ—Ä (gamedev)–°–∞–Ω–∫—Ç-–ü–µ—Ç–µ—Ä–±—É—Ä–≥—Ä—É–±.450002018-07-15NA
d6d7b8190005327ec50039ed1f4b4e426d326f–¢–µ—Å—Ç–∏—Ä–æ–≤—â–∏–∫/QA –∏–Ω–∂–µ–Ω–µ—Ä (gamedev)–°–∞–Ω–∫—Ç-–ü–µ—Ç–µ—Ä–±—É—Ä–≥—Ä—É–±.350002018-07-15NA
64be35100001773b790039ed1f34474e336b50QA Engineer–°–∞–Ω–∫—Ç-–ü–µ—Ç–µ—Ä–±—É—Ä–≥—Ä—É–±.510002018-07-15NA
d040d24c00013b44e60039ed1f34726e38486aLead QA engineer (–¥–ª—è —Å–≤—è–∑–∏ –∏—Å–ø–æ–ª—å–∑—É–π—Ç–µ –ø–æ—á—Ç—É)–°–∞–Ω–∫—Ç-–ü–µ—Ç–µ—Ä–±—É—Ä–≥EUR100002018-07-15NA
bfd69ce80001cb4bad0039ed1f436d6e746855QA engineer–°–∞–Ω–∫—Ç-–ü–µ—Ç–µ—Ä–±—É—Ä–≥—Ä—É–±.750002018-07-15NA
4f612eaf0004f7a8d10039ed1f43753751327aJunior QA Tester–°–∞–Ω–∫—Ç-–ü–µ—Ç–µ—Ä–±—É—Ä–≥—Ä—É–±.250002018-07-15NA
c76f074e00038b7a000039ed1f3857726f4275QA Engineer–°–∞–Ω–∫—Ç-–ü–µ—Ç–µ—Ä–±—É—Ä–≥—Ä—É–±.350002018-07-15NA
acef73f00003dc46fa0039ed1f3157774e6b43Junior QA Engineer–°–∞–Ω–∫—Ç-–ü–µ—Ç–µ—Ä–±—É—Ä–≥—Ä—É–±.250002018-07-15NA
828309bc0003fc6b450039ed1f746f476f776c–¢–µ—Å—Ç–∏—Ä–æ–≤—â–∏–∫ / QA engineer–°–∞–Ω–∫—Ç-–ü–µ—Ç–µ—Ä–±—É—Ä–≥—Ä—É–±.500002018-07-15NA
cdf22bf000050872970039ed1f386d6c74514cJunior QA Engineer–°–∞–Ω–∫—Ç-–ü–µ—Ç–µ—Ä–±—É—Ä–≥—Ä—É–±.450002018-07-15NA
243af4860002bc06da0039ed1f466161797535QA engineer (–¢–µ—Å—Ç–∏—Ä–æ–≤—â–∏–∫ –ü–û)–°–∞–Ω–∫—Ç-–ü–µ—Ç–µ—Ä–±—É—Ä–≥—Ä—É–±.450002018-07-15NA
4e0f71d600043799030039ed1f35536879454a–¢–µ—Å—Ç–∏—Ä–æ–≤—â–∏–∫ –ü–û, quality assurance engineer (junior)–°–∞–Ω–∫—Ç-–ü–µ—Ç–µ—Ä–±—É—Ä–≥—Ä—É–±.300002018-07-15NA
db701df4000330533a0039ed1f4b4f4572577aQA engineerSaint PetersburgRUB1e+052018-07-15NA
040ee6de00032f549a0039ed1f724473557533Engineer, QA engineer–°–∞–Ω–∫—Ç-–ü–µ—Ç–µ—Ä–±—É—Ä–≥—Ä—É–±.300002018-07-15NA
15a7d20300030715ae0039ed1f5a477a57584dQA engineerSaint PetersburgRUB800002018-07-15NA
462b20db0004fd485e0039ed1f4b4973745277Junior QA Engineer–°–∞–Ω–∫—Ç-–ü–µ—Ç–µ—Ä–±—É—Ä–≥—Ä—É–±.400002018-07-15NA
18da74e50003c515680039ed1f4c574f6e3870–ú–ª–∞–¥—à–∏–π –∏–Ω–∂–µ–Ω–µ—Ä –ø–æ —Ç–µ—Å—Ç–∏—Ä–æ–≤–∞–Ω–∏—é/Junior QA engineer–°–∞–Ω–∫—Ç-–ü–µ—Ç–µ—Ä–±—É—Ä–≥—Ä—É–±.150002018-07-15NA
49fe8a2b00043822600039ed1f446149506445–ò–Ω–∂–µ–Ω–µ—Ä –ø–æ —Ç–µ—Å—Ç–∏—Ä–æ–≤–∞–Ω–∏—é/QA engineerSaint PetersburgRUB500002018-07-15NA
02a4a811000207b4310039ed1f51367542545aQA-engineer–°–∞–Ω–∫—Ç-–ü–µ—Ç–µ—Ä–±—É—Ä–≥—Ä—É–±.500002018-07-15NA
6bf2af4b0003b1a1fb0039ed1f7370694d707a–¢–µ—Å—Ç–∏—Ä–æ–≤—â–∏–∫ –∑–∞–¥–∞—á –ø–æ —Ñ–∏–∑–∏–∫–µ/—Ñ–∏–∑–∏–∫/QA–°–∞–Ω–∫—Ç-–ü–µ—Ç–µ—Ä–±—É—Ä–≥—Ä—É–±.250002018-07-15NA
a3df2be6000260d4040039ed1f354845694445–¢–µ—Å—Ç–∏—Ä–æ–≤—â–∏–∫, Junior QA Engineer–°–∞–Ω–∫—Ç-–ü–µ—Ç–µ—Ä–±—É—Ä–≥—Ä—É–±.300002018-07-15NA
4da4a15c0000a1a2ed0039ed1f736563726574QA engineer/ QA LeadSaint PetersburgRUB1200002018-07-15NA
33aef04100034990700039ed1f37574d734763–ú–ª–∞–¥—à–∏–π —Ç–µ—Å—Ç–∏—Ä–æ–≤—â–∏–∫ –ø—Ä–æ–≥—Ä–∞–º–º–Ω–æ–≥–æ –æ–±–µ—Å–ø–µ—á–µ–Ω–∏—è/ junior QA engineer–°–∞–Ω–∫—Ç-–ü–µ—Ç–µ—Ä–±—É—Ä–≥—Ä—É–±.300002018-07-15NA
a912423b00030b29ba0039ed1f505573483950Junior QA EngineerSaint PetersburgRUB550002018-07-15NA
7392b0a00003cfd6bf0039ed1f7642484d3268Juniur QA Engineer–°–∞–Ω–∫—Ç-–ü–µ—Ç–µ—Ä–±—É—Ä–≥—Ä—É–±.350002018-07-15NA
d3cd1eca00042b3e810039ed1f635166477479QA Automation Engin<U+200E>eer (Software Development Engineer in Test)/QA EngineerSaint PetersburgRUB1200002018-07-15NA
2c7cca42000423174e0039ed1f62463338364aJunior QA Engineer–°–∞–Ω–∫—Ç-–ü–µ—Ç–µ—Ä–±—É—Ä–≥—Ä—É–±.500002018-07-15NA
f1993a42000430d2050039ed1f707147776c6aQA<U+200E> Engineer–°–∞–Ω–∫—Ç-–ü–µ—Ç–µ—Ä–±—É—Ä–≥—Ä—É–±.500002018-07-15NA
2d5807e300041261950039ed1f5a704c567a43QA Engineer–°–∞–Ω–∫—Ç-–ü–µ—Ç–µ—Ä–±—É—Ä–≥—Ä—É–±.450002018-07-15NA
442bd90f00041d8b260039ed1f524f4a6b516b–¢–µ—Å—Ç–∏—Ä–æ–≤—â–∏–∫,QA-–∏–Ω–∂–µ–Ω–µ—Ä–°–∞–Ω–∫—Ç-–ü–µ—Ç–µ—Ä–±—É—Ä–≥—Ä—É–±.350002018-07-15NA
9635248600026c86e30039ed1f557757783758Junior QA Engineer–°–∞–Ω–∫—Ç-–ü–µ—Ç–µ—Ä–±—É—Ä–≥—Ä—É–±.450002018-07-15NA
b22edae800042ee2e90039ed1f51735a713962–ú–ª–∞–¥—à–∏–π –∏–Ω–∂–µ–Ω–µ—Ä –ø–æ –∫–∞—á–µ—Å—Ç–≤—É –ü<U+200E>–û/ Junior QA Engineer (—Å—Ç–∞–∂–µ—Ä)–°–∞–Ω–∫—Ç-–ü–µ—Ç–µ—Ä–±—É—Ä–≥—Ä—É–±.400002018-07-15NA
49fdcea70004234c330039ed1f7233794a3652QA Engineer, —Ç–µ—Å—Ç–∏—Ä–æ–≤—â–∏–∫ –ü–û–°–∞–Ω–∫—Ç-–ü–µ—Ç–µ—Ä–±—É—Ä–≥—Ä—É–±.400002018-07-15NA
da1ac88a0002030c760039ed1f49596f396257QA engineer–°–∞–Ω–∫—Ç-–ü–µ—Ç–µ—Ä–±—É—Ä–≥—Ä—É–±.350002018-07-15NA
3c4ec9f100041ac4520039ed1f6b6a46466a4cQA engineer–°–∞–Ω–∫—Ç-–ü–µ—Ç–µ—Ä–±—É—Ä–≥—Ä—É–±.350002018-07-15NA
f4a879e400041518720039ed1f7a6c766f4850Senior QA Engineer (Manual)–°–∞–Ω–∫—Ç-–ü–µ—Ç–µ—Ä–±—É—Ä–≥—Ä—É–±.350002018-07-15NA
f12b4aeb000414ce270039ed1f733941597563–ú–ª–∞–¥—à–∏–π —Ç–µ—Å—Ç–∏—Ä–æ–≤—â–∏–∫ (QA)–°–∞–Ω–∫—Ç-–ü–µ—Ç–µ—Ä–±—É—Ä–≥—Ä—É–±.250002018-07-15NA
37a3bfc3000410bbc40039ed1f4d554231304cQA Tester–°–∞–Ω–∫—Ç-–ü–µ—Ç–µ—Ä–±—É—Ä–≥—Ä—É–±.500002018-07-15NA
56dd389300040789480039ed1f666679715839QA Engineer–°–∞–Ω–∫—Ç-–ü–µ—Ç–µ—Ä–±—É—Ä–≥—Ä—É–±.600002018-07-15NA
8113a7ee00040f4a010039ed1f507654503133Senior QA Engineer (–ö–∏–ø—Ä)–°–∞–Ω–∫—Ç-–ü–µ—Ç–µ—Ä–±—É—Ä–≥EUR20002018-07-15NA
24eff06900040e7cf00039ed1f557544536673QA Engineer / –¢–µ—Å—Ç–∏—Ä–æ–≤—â–∏–∫ –ü–û / –ò–Ω–∂–µ–Ω–µ—Ä –ø–æ —Ç–µ—Å—Ç–∏—Ä–æ–≤–∞–Ω–∏—é–°–∞–Ω–∫—Ç-–ü–µ—Ç–µ—Ä–±—É—Ä–≥—Ä—É–±.300002018-07-15NA
9491b1d70003f7c98e0039ed1f30636a394743Junior QA Engineer–°–∞–Ω–∫—Ç-–ü–µ—Ç–µ—Ä–±—É—Ä–≥—Ä—É–±.300002018-07-15NA
38d77f090003f58fe70039ed1f37314446734a–ú–ª–∞–¥—à–∏–π –∏–Ω–∂–µ–Ω–µ—Ä –ø–æ –∫–∞—á–µ—Å—Ç–≤—É –ü–û / Junior QA Engineer–°–∞–Ω–∫—Ç-–ü–µ—Ç–µ—Ä–±—É—Ä–≥—Ä—É–±.280002018-07-15NA
8ff6181a000404ff700039ed1f36784d734f50–¢–µ—Å—Ç–∏—Ä–æ–≤—â–∏–∫ –∏–≥—Ä, QA  –∏–Ω–∂–∏–Ω–µ—Ä(—Å—Ç–∞–∂–µ—Ä), saber interactive–°–∞–Ω–∫—Ç-–ü–µ—Ç–µ—Ä–±—É—Ä–≥—Ä—É–±.300002018-07-15NA
bf111cbe00037bc9ad0039ed1f524933615846QA Engineer–°–∞–Ω–∫—Ç-–ü–µ—Ç–µ—Ä–±—É—Ä–≥—Ä—É–±.400002018-07-15NA
7f8169b40003dc38d50039ed1f344d31443173–ú–ª–∞–¥—à–∏–π –∏–Ω–∂–µ–Ω–µ—Ä –ø–æ –∫–∞—á–µ—Å—Ç–≤—É –ü–û/ Junior QA Engineer (—Å—Ç–∞–∂–µ—Ä)–°–∞–Ω–∫—Ç-–ü–µ—Ç–µ—Ä–±—É—Ä–≥—Ä—É–±.500002018-07-15NA
84d6335f0003c12d860039ed1f7769706b4364QA Engineer (–¢–µ—Å—Ç–∏—Ä–æ–≤—â–∏–∫)–°–∞–Ω–∫—Ç-–ü–µ—Ç–µ—Ä–±—É—Ä–≥—Ä—É–±.350002018-07-15NA
5551436c000251d4f90039ed1f44766d6c6632QA Engineer–°–∞–Ω–∫—Ç-–ü–µ—Ç–µ—Ä–±—É—Ä–≥—Ä—É–±.600002018-07-15NA
126ec6220003dba4cd0039ed1f6e4439577477Junior QA-–∏–Ω–∂–µ–Ω–µ—Ä [—Ç–µ—Å—Ç–∏—Ä–æ–≤—â–∏–∫]–°–∞–Ω–∫—Ç-–ü–µ—Ç–µ—Ä–±—É—Ä–≥—Ä—É–±.300002018-07-15NA
ae32a3d10000cd140d0039ed1f45346f303747System administrator & QA engineer–°–∞–Ω–∫—Ç-–ü–µ—Ç–µ—Ä–±—É—Ä–≥—Ä—É–±.900002018-07-15NA
487781d90001ddd04b0039ed1f6968345a5379junior qa engineer / it engineer–°–∞–Ω–∫—Ç-–ü–µ—Ç–µ—Ä–±—É—Ä–≥—Ä—É–±.250002018-07-15NA
1385f5d90003c878870039ed1f79756d424e55–¢–µ—Å—Ç–∏—Ä–æ–≤—â–∏–∫ \ QA- –∏–Ω–∂–µ–Ω–µ—Ä–°–∞–Ω–∫—Ç-–ü–µ—Ç–µ—Ä–±—É—Ä–≥—Ä—É–±.300002018-07-15NA
367a1f9c00037e50c90039ed1f5248644a4643Junior QA Engineer–°–∞–Ω–∫—Ç-–ü–µ—Ç–µ—Ä–±—É—Ä–≥—Ä—É–±.350002018-07-15NA
e65651c80003c39a980039ed1f304539466552QA Engineer / –¢–µ—Å—Ç–∏—Ä–æ–≤—â–∏–∫ –∏–≥—Ä–æ–≤—ã—Ö –ø—Ä–æ–µ–∫—Ç–æ–≤–°–∞–Ω–∫—Ç-–ü–µ—Ç–µ—Ä–±—É—Ä–≥—Ä—É–±.200002018-07-15NA
888e61260002de1f540039ed1f4535704a4675QA Tester–°–∞–Ω–∫—Ç-–ü–µ—Ç–µ—Ä–±—É—Ä–≥—Ä—É–±.200002018-07-15NA
ce192ebc0003bc68ea0039ed1f4b6c6f4a4837–¢–µ—Å—Ç–∏—Ä–æ–≤—â–∏–∫ –ø—Ä–æ–≥—Ä–∞–º–º–Ω–æ–≥–æ –æ–±–µ—Å–ø–µ—á–µ–Ω–∏—è / QA Engineer–°–∞–Ω–∫—Ç-–ü–µ—Ç–µ—Ä–±—É—Ä–≥—Ä—É–±.150002018-07-15NA
2bd177840001d811a30039ed1f4448644d6752QA / –¢–µ—Å—Ç–∏—Ä–æ–≤—â–∏–∫ –ü–û–°–∞–Ω–∫—Ç-–ü–µ—Ç–µ—Ä–±—É—Ä–≥—Ä—É–±.350002018-07-15NA
897dc4970003b78af70039ed1f446946626f55–¢–µ—Å—Ç–∏—Ä–æ–≤—â–∏–∫ –∑–∞–¥–∞—á –ø–æ –º–∞—Ç–µ–º–∞—Ç–∏–∫–µ/QA–°–∞–Ω–∫—Ç-–ü–µ—Ç–µ—Ä–±—É—Ä–≥—Ä—É–±.250002018-07-15NA
f18990eb0003b136880039ed1f717a5a505044QA Engineer–°–∞–Ω–∫—Ç-–ü–µ—Ç–µ—Ä–±—É—Ä–≥—Ä—É–±.400002018-07-15NA
e02fe7be0003b4fd520039ed1f6f4a52674b6a–¢–µ—Å—Ç–∏—Ä–æ–≤—â–∏–∫ –∑–∞–¥–∞—á –ø–æ —Ñ–∏–∑–∏–∫–µ/—Ñ–∏–∑–∏–∫/QA–°–∞–Ω–∫—Ç-–ü–µ—Ç–µ—Ä–±—É—Ä–≥—Ä—É–±.250002018-07-15NA
fdf26eb400039bcc000039ed1f316748734539QA Tester–°–∞–Ω–∫—Ç-–ü–µ—Ç–µ—Ä–±—É—Ä–≥—Ä—É–±.1200002018-07-15NA
4cc16e1b0003ad8e080039ed1f69444c395864–ú–ª–∞–¥—à–∏–π –∏–Ω–∂–µ–Ω–µ—Ä –ø–æ –∫–∞—á–µ—Å—Ç–≤—É –ü–û / Junior QA Engineer–°–∞–Ω–∫—Ç-–ü–µ—Ç–µ—Ä–±—É—Ä–≥—Ä—É–±.500002018-07-15NA
6800357a00039bb2bf0039ed1f614d69524b63–¢–µ—Å—Ç–∏—Ä–æ–≤—â–∏–∫ –ü–û, –º–ª–∞–¥—à–∏–π —Å–ø–µ—Ü–∏–∞–ª–∏—Å—Ç –ø–æ —Ç–µ—Å—Ç–∏—Ä–æ–≤–∞–Ω–∏—é, junior QA, —Å—Ç–∞–∂–µ—Ä-—Ç–µ—Å—Ç–∏—Ä–æ–≤—â–∏–∫–°–∞–Ω–∫—Ç-–ü–µ—Ç–µ—Ä–±—É—Ä–≥—Ä—É–±.500002018-07-15NA
a591bba7000305bc1e0039ed1f4970694e486d–ú–ª–∞–¥—à–∏–π –∏–Ω–∂–µ–Ω–µ—Ä –ø–æ —Ç–µ—Å—Ç–∏—Ä–æ–≤–∞–Ω–∏—é –ü–û / Junior QA engineer–°–∞–Ω–∫—Ç-–ü–µ—Ç–µ—Ä–±—É—Ä–≥—Ä—É–±.350002018-07-15NA
9cc8013c0002c450b90039ed1f765238754466Junior QA-ingineer/–¢–µ—Å—Ç–∏—Ä–æ–≤—â–∏–∫–°–∞–Ω–∫—Ç-–ü–µ—Ç–µ—Ä–±—É—Ä–≥—Ä—É–±.250002018-07-15NA
cb9131ce0000378afd0039ed1f736563726574Senior QA Engineer, Test Lead, –¢–µ—Å—Ç–∏—Ä–æ–≤—â–∏–∫–°–∞–Ω–∫—Ç-–ü–µ—Ç–µ—Ä–±—É—Ä–≥USD20002018-07-15NA
e938657900003b01820039ed1f736563726574QA engineer–°–∞–Ω–∫—Ç-–ü–µ—Ç–µ—Ä–±—É—Ä–≥USD7002018-07-15NA
06006cce0000760aab0039ed1f736563726574QA EngineeringSaint PetersburgUSD3502018-07-15NA
d63a749c000084c8be0039ed1f736563726574–°—Ç–∞—Ä—à–∏–π –∏–Ω–∂–µ–Ω–µ—Ä –ø–æ —Ç–µ—Å—Ç–∏—Ä–æ–≤–∞–Ω–∏—é\Senior QA Engineer–°–∞–Ω–∫—Ç-–ü–µ—Ç–µ—Ä–±—É—Ä–≥—Ä—É–±.350002018-07-15NA
63a3504500008db5250039ed1f736563726574QA Engineer–°–∞–Ω–∫—Ç-–ü–µ—Ç–µ—Ä–±—É—Ä–≥—Ä—É–±.250002018-07-15NA
72438bc800008ff48c0039ed1f736563726574QA Engineer / Software Tester / Junior Developer–°–∞–Ω–∫—Ç-–ü–µ—Ç–µ—Ä–±—É—Ä–≥—Ä—É–±.250002018-07-15NA
d43fdee800009695ad0039ed1f736563726574QA engineer–°–∞–Ω–∫—Ç-–ü–µ—Ç–µ—Ä–±—É—Ä–≥USD10002018-07-15NA
76791b9c0000b7ed050039ed1f736563726574QA Engineer–°–∞–Ω–∫—Ç-–ü–µ—Ç–µ—Ä–±—É—Ä–≥—Ä—É–±.450002018-07-15NA
29c53fd40000c305610039ed1f495565444b56Junior QA Engineer–°–∞–Ω–∫—Ç-–ü–µ—Ç–µ—Ä–±—É—Ä–≥—Ä—É–±.150002018-07-15NA
b2b90d7f0000c7270e0039ed1f39514c6c6930Senior QA Engineer–°–∞–Ω–∫—Ç-–ü–µ—Ç–µ—Ä–±—É—Ä–≥—Ä—É–±.1e+052018-07-15NA
a1b906570000e17c550039ed1f6c7647696e59QA engineerSaint PetersburgRUB1e+052018-07-15NA
352d31d90000e4cb870039ed1f373542354932Junior QA Engineer–°–∞–Ω–∫—Ç-–ü–µ—Ç–µ—Ä–±—É—Ä–≥USD5002018-07-15NA
1e3a547e0000f7b0300039ed1f734833334a69–ú–ª–∞–¥—à–∏–π –∏–Ω–∂–µ–Ω–µ—Ä –ø–æ —Ç–µ—Å—Ç–∏—Ä–æ–≤–∞–Ω–∏—é (Junior QA Engineer)–°–∞–Ω–∫—Ç-–ü–µ—Ç–µ—Ä–±—É—Ä–≥—Ä—É–±.200002018-07-15NA
8a86d4d6000153a7920039ed1f694e6b595355QA engineer, –¢–µ—Å—Ç–∏—Ä–æ–≤—â–∏–∫–°–∞–Ω–∫—Ç-–ü–µ—Ç–µ—Ä–±—É—Ä–≥—Ä—É–±.450002018-07-15NA
c2cbcf77000175c6820039ed1f47654a634b31Qa engineer–°–∞–Ω–∫—Ç-–ü–µ—Ç–µ—Ä–±—É—Ä–≥—Ä—É–±.350002018-07-15NA
21b3caf1000182bb540039ed1f673154307056Junior QA Engineer–°–∞–Ω–∫—Ç-–ü–µ—Ç–µ—Ä–±—É—Ä–≥—Ä—É–±.350002018-07-15NA
1fb9d28b0001944d450039ed1f4e5044477836Software QA Engineer / Test lead–°–∞–Ω–∫—Ç-–ü–µ—Ç–µ—Ä–±—É—Ä–≥—Ä—É–±.750002018-07-15NA
892c93c20001a071150039ed1f624336754558Qa engineer–°–∞–Ω–∫—Ç-–ü–µ—Ç–µ—Ä–±—É—Ä–≥—Ä—É–±.180002018-07-15NA
d9c7dafc0001b080040039ed1f743542745075QA engineer–°–∞–Ω–∫—Ç-–ü–µ—Ç–µ—Ä–±—É—Ä–≥—Ä—É–±.320002018-07-15NA
e8a095970001b463360039ed1f436572544259Junior QA engineer–°–∞–Ω–∫—Ç-–ü–µ—Ç–µ—Ä–±—É—Ä–≥—Ä—É–±.150002018-07-15NA
310775630001b57b5d0039ed1f495551746973QA engineer–°–∞–Ω–∫—Ç-–ü–µ—Ç–µ—Ä–±—É—Ä–≥—Ä—É–±.400002018-07-15NA
076346f80001b6d1db0039ed1f62636a783964QA engineer–°–∞–Ω–∫—Ç-–ü–µ—Ç–µ—Ä–±—É—Ä–≥—Ä—É–±.300002018-07-15NA
971bf4f40001d2d9720039ed1f4a63686f7477QA engineer (manager)–°–∞–Ω–∫—Ç-–ü–µ—Ç–µ—Ä–±—É—Ä–≥—Ä—É–±.300002018-07-15NA
e0278fa600021673070039ed1f793876743249QA engineer–°–∞–Ω–∫—Ç-–ü–µ—Ç–µ—Ä–±—É—Ä–≥—Ä—É–±.350002018-07-15NA
05a8fb5600021bdc340039ed1f49344a494d55Junior QA Engineer–°–∞–Ω–∫—Ç-–ü–µ—Ç–µ—Ä–±—É—Ä–≥—Ä—É–±.200002018-07-15NA
5c02ca950002272f8a0039ed1f394842655145QA  EngineerSaint PetersburgRUB500002018-07-15NA
c276242100025091070039ed1f42536e4a3233QA engineer/ –∏–Ω–∂–µ–Ω–µ—Ä —Ç–µ—Å—Ç–∏—Ä–æ–≤—â–∏–∫–°–∞–Ω–∫—Ç-–ü–µ—Ç–µ—Ä–±—É—Ä–≥—Ä—É–±.550002018-07-15NA
47ca8a6200026207540039ed1f624e6471676fSoftware QA Engineer / –ò–Ω–∂–µ–Ω–µ—Ä –ø–æ —Ç–µ—Å—Ç–∏—Ä–æ–≤–∞–Ω–∏—é –ü–û–°–∞–Ω–∫—Ç-–ü–µ—Ç–µ—Ä–±—É—Ä–≥—Ä—É–±.950002018-07-15NA
236b21b3000263a86b0039ed1f5543786b4a4a–¢–µ—Å—Ç–∏—Ä–æ–≤—â–∏–∫ –ü–û (QA)–°–∞–Ω–∫—Ç-–ü–µ—Ç–µ—Ä–±—É—Ä–≥—Ä—É–±.350002018-07-15NA
aa47e98600028e410d0039ed1f624a7a766242—Ç–µ—Å—Ç–µ—Ä –ø–æ qa-engineer/–º–µ–Ω–µ–¥–∂–µ—Ä/–í–æ–¥–∏—Ç–µ–ª—å/–∞–¥–º–∏–Ω–∏—Å—Ç—Ä–∞—Ç–æ—Ä–°–∞–Ω–∫—Ç-–ü–µ—Ç–µ—Ä–±—É—Ä–≥—Ä—É–±.500002018-07-15NA
3f4c0c2600028e5c380039ed1f72566163586dqa engineer/ —Ç–µ—Å—Ç–∏—Ä–æ–≤—â–∏–∫–°–∞–Ω–∫—Ç-–ü–µ—Ç–µ—Ä–±—É—Ä–≥—Ä—É–±.500002018-07-15NA
f95cf57f0002ac8d1d0039ed1f6771796d7469QA Engineer–°–∞–Ω–∫—Ç-–ü–µ—Ç–µ—Ä–±—É—Ä–≥—Ä—É–±.900002018-07-15NA
8314b4a50002b199da0039ed1f644f45635343Junior Software QA Engineer .–°–∞–Ω–∫—Ç-–ü–µ—Ç–µ—Ä–±—É—Ä–≥—Ä—É–±.300002018-07-15NA
440a79ac0002b8a53a0039ed1f426452707a35QA Engineer–°–∞–Ω–∫—Ç-–ü–µ—Ç–µ—Ä–±—É—Ä–≥—Ä—É–±.255002018-07-15NA
d31bf2b30002e5ad310039ed1f305144705947QA Engineer–°–∞–Ω–∫—Ç-–ü–µ—Ç–µ—Ä–±—É—Ä–≥—Ä—É–±.400002018-07-15NA
2254f6fa0003010b120039ed1f305854387750junior qa engineer–°–∞–Ω–∫—Ç-–ü–µ—Ç–µ—Ä–±—É—Ä–≥—Ä—É–±.200002018-07-15NA
e7ba0d090003435a410039ed1f4969734f715aIntern QA Engineer–°–∞–Ω–∫—Ç-–ü–µ—Ç–µ—Ä–±—É—Ä–≥—Ä—É–±.250002018-07-15NA
75f19f8b00036c1c880039ed1f474452686632QA Engineering–°–∞–Ω–∫—Ç-–ü–µ—Ç–µ—Ä–±—É—Ä–≥—Ä—É–±.350002018-07-15NA
6903d2f5000378eb660039ed1f59316f325758Junior QA Engineer–°–∞–Ω–∫—Ç-–ü–µ—Ç–µ—Ä–±—É—Ä–≥—Ä—É–±.400002018-07-15NA
ae9fdf300004dbad2e0039ed1f4559656e6a75QA Engineer–°–∞–Ω–∫—Ç-–ü–µ—Ç–µ—Ä–±—É—Ä–≥—Ä—É–±.450002018-07-15NA
b5810bf60004e7f3c40039ed1f3872786d5754Test Engineer\QA Engineer–°–∞–Ω–∫—Ç-–ü–µ—Ç–µ—Ä–±—É—Ä–≥—Ä—É–±.450002018-07-15NA
b5c51acf00058c79570039ed1f696341554749QA Engineer–°–∞–Ω–∫—Ç-–ü–µ—Ç–µ—Ä–±—É—Ä–≥—Ä—É–±.600002018-07-17NA
0076521100058cee120039ed1f434143466b71QA Engineer–°–∞–Ω–∫—Ç-–ü–µ—Ç–µ—Ä–±—É—Ä–≥—Ä—É–±.300002018-07-17NA
